<?xml version="1.0" encoding="UTF-8"?>

<suite name="TestNG Automation Tasks">
    <!-- 1 Test block -->
     <listeners>
        <listener class-name="reports.TestListener"/>
    </listeners>
    <test name="Sanity Test Suite">
        <classes>
            <!-- Running multiple classes from com.demo.TestNGProject package -->
<!--             <class name="com.demo.TestNGProject.Assignment_1E"/> -->
<!--             <class name="com.demo.TestNGProject.Assignment_2E"/> -->
<!--             <class name="com.demo.TestNGProject.Assignment_3E"/> -->
            
<!--             <class name="com.demo.TestNGProject.Task_4"/> -->
            <class name="com.demo.TestNGProject.outlook.LoginPage"/> -->
        </classes>
    </test>
</suite>
